"name","stat","opt","value","lb","gap.bkv.","gap.lb.","time","nodes","iterations","type"
"ARC83.IN2-3786","PROV","OPT",21,21,0,0,20.9,15247,345918,"Standard"
"ARC83.IN2-3985","PROV","OPT",20,20,0,0,24.74,13401,276185,"Standard"
"ARC83.IN2-4206","PROV","OPT",19,19,0,0,33.5,7827,481566,"Standard"
"ARC83.IN2-4454","PROV","OPT",18,18,0,0,101.68,33006,2016980,"Standard"
"ARC83.IN2-4732","PROV","OPT",17,17,0,0,2.45,1007,62404,"Standard"
"ARC83.IN2-5048","PROV","OPT",16,16,0,0,0.21,0,574,"Standard"
"ARC83.IN2-5408","PROV","OPT",15,15,0,0,0.16,0,549,"Standard"
"ARC83.IN2-5824","PROV","OPT",14,14,0,0,0.17,0,587,"Standard"
"ARC83.IN2-5853","PROV","OPT",14,14,0,0,0.16,0,504,"Standard"
"ARC83.IN2-6309","PROV","OPT",13,13,0,0,0.15,0,458,"Standard"
"ARC83.IN2-6842","PROV","OPT",12,12,0,0,0.12,0,537,"Standard"
"ARC83.IN2-6883","PROV","OPT",12,12,0,0,0.12,0,472,"Standard"
"ARC83.IN2-7571","PROV","OPT",11,11,0,0,0.14,0,544,"Standard"
"ARC83.IN2-8412","PROV","OPT",10,10,0,0,0.15,0,476,"Standard"
"ARC83.IN2-8898","PROV","OPT",9,9,0,0,0.12,0,571,"Standard"
"ARC83.IN2-10816","FEAS","SUB",8,7,1,1,600.04,746510,10579728,"Standard"
"ARC111.IN2-5755","PROV","OPT",27,27,0,0,8.67,669,31856,"Standard"
"ARC111.IN2-5785","PROV","OPT",27,27,0,0,8.69,408,30749,"Standard"
"ARC111.IN2-6016","PROV","OPT",26,26,0,0,5.06,0,4178,"Standard"
"ARC111.IN2-6267","PROV","OPT",25,25,0,0,6,303,17974,"Standard"
"ARC111.IN2-6540","PROV","OPT",24,24,0,0,4.97,211,15956,"Standard"
"ARC111.IN2-6837","PROV","OPT",23,23,0,0,6.85,1539,25331,"Standard"
"ARC111.IN2-7162","PROV","OPT",22,22,0,0,11.34,1282,29766,"Standard"
"ARC111.IN2-7520","FEAS","OPT",21,20,0,0,600.03,591616,5002719,"Standard"
"ARC111.IN2-7916","PROV","OPT",20,20,0,0,0.38,0,1000,"Standard"
"ARC111.IN2-8356","PROV","OPT",19,19,0,0,8.48,2188,39444,"Standard"
"ARC111.IN2-8847","PROV","OPT",18,18,0,0,0.32,0,825,"Standard"
"ARC111.IN2-9400","PROV","OPT",17,17,0,0,0.28,0,746,"Standard"
"ARC111.IN2-10027","PROV","OPT",16,16,0,0,0.26,0,600,"Standard"
"ARC111.IN2-10743","PROV","OPT",15,15,0,0,0.24,0,763,"Standard"
"ARC111.IN2-11378","PROV","OPT",14,14,0,0,0.24,0,745,"Standard"
"ARC111.IN2-11570","FEAS","SUB",14,13,0,1,600.02,777606,8488432,"Standard"
"ARC111.IN2-17067","PROV","OPT",9,9,0,0,0.19,0,712,"Standard"
"BARTHOL2.IN2-84","FEAS","SUB",52,51,0,1,600.01,87312,1316708,"Standard"
"BARTHOL2.IN2-85","FEAS","SUB",51,50,0,1,600.04,43765,1922418,"Standard"
"BARTHOL2.IN2-87","FEAS","SUB",50,49,0,1,600.01,21204,1423899,"Standard"
"BARTHOL2.IN2-89","FEAS","SUB",53,48,0,5,600.01,14324,1401397,"Standard"
"BARTHOL2.IN2-91","FEAS","SUB",48,47,0,1,600.11,168742,1612678,"Standard"
"BARTHOL2.IN2-93","FEAS","SUB",47,46,0,1,600.09,169385,2266513,"Standard"
"BARTHOL2.IN2-95","FEAS","SUB",46,45,0,1,600.21,58407,3604759,"Standard"
"BARTHOL2.IN2-97","FEAS","SUB",45,44,0,1,600.09,306525,2119931,"Standard"
"BARTHOL2.IN2-99","FEAS","SUB",44,43,0,1,600.01,88864,1360298,"Standard"
"BARTHOL2.IN2-101","FEAS","SUB",59,42,16,17,600.09,27347,1734842,"Standard"
"BARTHOL2.IN2-104","FEAS","SUB",42,41,0,1,600.03,94410,1761286,"Standard"
"BARTHOL2.IN2-106","FEAS","SUB",41,40,0,1,600.02,98024,1728070,"Standard"
"BARTHOL2.IN2-109","FEAS","SUB",40,39,0,1,600.1,140285,1443646,"Standard"
"BARTHOL2.IN2-112","FEAS","SUB",39,38,0,1,600.03,138719,2209965,"Standard"
"BARTHOL2.IN2-115","FEAS","SUB",38,37,0,1,600.1,209614,2395864,"Standard"
"BARTHOL2.IN2-118","FEAS","SUB",37,36,0,1,600.16,184087,3455308,"Standard"
"BARTHOL2.IN2-121","FEAS","SUB",36,35,0,1,600.02,200868,2221729,"Standard"
"BARTHOL2.IN2-125","FEAS","SUB",35,34,0,1,600.08,305147,2348114,"Standard"
"BARTHOL2.IN2-129","FEAS","SUB",34,33,0,1,600.1,199121,4556316,"Standard"
"BARTHOL2.IN2-133","FEAS","SUB",33,32,0,1,600.07,272653,1857462,"Standard"
"BARTHOL2.IN2-137","FEAS","SUB",32,31,0,1,600.03,234209,2888423,"Standard"
"BARTHOL2.IN2-142","PROV","OPT",30,30,0,0,223.49,92750,843301,"Standard"
"BARTHOL2.IN2-146","FEAS","SUB",30,29,0,1,600.02,186009,2232823,"Standard"
"BARTHOL2.IN2-152","PROV","OPT",28,28,0,0,390.79,201351,1451167,"Standard"
"BARTHOL2.IN2-157","FEAS","SUB",28,27,1,1,600.02,229944,4797073,"Standard"
"BARTHOL2.IN2-163","FEAS","SUB",27,26,1,1,600.15,432328,3103592,"Standard"
"BARTHOL2.IN2-170","FEAS","SUB",26,25,1,1,600.03,384788,2493282,"Standard"
"BARTHOLD.IN2-403","PROV","OPT",14,14,0,0,117.85,108325,873149,"Standard"
"BARTHOLD.IN2-434","FEAS","SUB",14,13,1,1,600.02,438616,22520481,"Standard"
"BARTHOLD.IN2-470","PROV","OPT",12,12,0,0,52.99,59623,1190067,"Standard"
"BARTHOLD.IN2-513","PROV","OPT",11,11,0,0,7.81,3239,115881,"Standard"
"BARTHOLD.IN2-564","PROV","OPT",10,10,0,0,5.31,2008,139132,"Standard"
"BARTHOLD.IN2-626","PROV","OPT",9,9,0,0,538.79,1230054,14406254,"Standard"
"BARTHOLD.IN2-705","PROV","OPT",8,8,0,0,9.97,6151,231423,"Standard"
"BARTHOLD.IN2-805","PROV","OPT",7,7,0,0,3.9,1274,31316,"Standard"
"BOWMAN8.IN2-20","PROV","OPT",5,5,0,0,0.01,0,23,"Standard"
"BUXEY.IN2-27","PROV","OPT",13,13,0,0,0.2,128,2026,"Standard"
"BUXEY.IN2-30","PROV","OPT",11,11,0,0,2.62,3676,115106,"Standard"
"BUXEY.IN2-33","PROV","OPT",10,10,0,0,0.3,83,1749,"Standard"
"BUXEY.IN2-36","PROV","OPT",10,10,0,0,0.03,0,170,"Standard"
"BUXEY.IN2-41","PROV","OPT",8,8,0,0,1,617,34367,"Standard"
"BUXEY.IN2-47","PROV","OPT",7,7,0,0,0.38,607,8781,"Standard"
"BUXEY.IN2-54","PROV","OPT",7,7,0,0,0.02,0,102,"Standard"
"GUNTHER.IN2-41","PROV","OPT",13,13,0,0,6.42,2433,170064,"Standard"
"GUNTHER.IN2-44","FEAS","OPT",12,11,0,0,600,489637,23658297,"Standard"
"GUNTHER.IN2-49","PROV","OPT",10,10,0,0,4.7,6795,163043,"Standard"
"GUNTHER.IN2-54","PROV","OPT",9,9,0,0,5.82,18551,231157,"Standard"
"GUNTHER.IN2-61","PROV","OPT",8,8,0,0,5.12,9146,182263,"Standard"
"GUNTHER.IN2-69","PROV","OPT",7,7,0,0,1.97,3167,117423,"Standard"
"GUNTHER.IN2-81","PROV","OPT",6,6,0,0,0.03,0,173,"Standard"
"HAHN.IN2-2004","PROV","OPT",8,8,0,0,0.06,0,214,"Standard"
"HAHN.IN2-2338","PROV","OPT",7,7,0,0,0.05,0,236,"Standard"
"HAHN.IN2-2806","PROV","OPT",6,6,0,0,0.05,0,232,"Standard"
"HAHN.IN2-3507","PROV","OPT",5,5,0,0,0.04,0,252,"Standard"
"HAHN.IN2-4676","PROV","OPT",4,4,0,0,0.03,0,190,"Standard"
"HESKIA.IN2-138","PROV","OPT",8,8,0,0,0.09,0,348,"Standard"
"HESKIA.IN2-205","PROV","OPT",5,5,0,0,0.1,0,209,"Standard"
"HESKIA.IN2-216","PROV","OPT",5,5,0,0,0.02,0,113,"Standard"
"HESKIA.IN2-256","PROV","OPT",4,4,0,0,0.04,0,99,"Standard"
"HESKIA.IN2-324","PROV","OPT",4,4,0,0,0.01,0,78,"Standard"
"HESKIA.IN2-342","PROV","OPT",3,3,0,0,0.03,16,247,"Standard"
"JACKSON.IN2-7","PROV","OPT",8,8,0,0,0.01,0,38,"Standard"
"JACKSON.IN2-9","PROV","OPT",6,6,0,0,0.01,0,32,"Standard"
"JACKSON.IN2-10","PROV","OPT",5,5,0,0,0.02,0,75,"Standard"
"JACKSON.IN2-13","PROV","OPT",4,4,0,0,0.01,0,38,"Standard"
"JACKSON.IN2-14","PROV","OPT",4,4,0,0,0.01,0,37,"Standard"
"JACKSON.IN2-21","PROV","OPT",3,3,0,0,0.01,0,31,"Standard"
"JAESCHKE.IN2-6","PROV","OPT",8,8,0,0,0.01,0,24,"Standard"
"JAESCHKE.IN2-7","PROV","OPT",7,7,0,0,0.01,0,23,"Standard"
"JAESCHKE.IN2-8","PROV","OPT",6,6,0,0,0.01,0,22,"Standard"
"JAESCHKE.IN2-10","PROV","OPT",4,4,0,0,0.01,0,27,"Standard"
"JAESCHKE.IN2-18","PROV","OPT",3,3,0,0,0,0,21,"Standard"
"KILBRID.IN2-56","PROV","OPT",10,10,0,0,0.39,199,3742,"Standard"
"KILBRID.IN2-57","PROV","OPT",10,10,0,0,0.06,0,307,"Standard"
"KILBRID.IN2-62","PROV","OPT",9,9,0,0,0.35,229,4640,"Standard"
"KILBRID.IN2-69","PROV","OPT",8,8,0,0,0.51,564,9926,"Standard"
"KILBRID.IN2-79","PROV","OPT",7,7,0,0,0.27,293,4752,"Standard"
"KILBRID.IN2-92","PROV","OPT",6,6,0,0,0.63,1206,23783,"Standard"
"KILBRID.IN2-110","PROV","OPT",6,6,0,0,0.04,0,186,"Standard"
"KILBRID.IN2-111","PROV","OPT",5,5,0,0,0.11,0,202,"Standard"
"KILBRID.IN2-138","PROV","OPT",4,4,0,0,0.11,0,237,"Standard"
"KILBRID.IN2-184","PROV","OPT",3,3,0,0,0.11,0,208,"Standard"
"LUTZ1.IN2-1414","PROV","OPT",11,11,0,0,0.05,0,176,"Standard"
"LUTZ1.IN2-1572","PROV","OPT",10,10,0,0,0.04,0,141,"Standard"
"LUTZ1.IN2-1768","PROV","OPT",9,9,0,0,0.04,0,166,"Standard"
"LUTZ1.IN2-2020","PROV","OPT",8,8,0,0,0.03,0,155,"Standard"
"LUTZ1.IN2-2357","PROV","OPT",7,7,0,0,0.03,0,122,"Standard"
"LUTZ1.IN2-2828","PROV","OPT",6,6,0,0,0.03,0,136,"Standard"
"LUTZ2.IN2-11","INF","SUB",NA,NA,NA,NA,600,2093,3408336,"Standard"
"LUTZ2.IN2-12","FEAS","SUB",49,42,0,5,600,8253,3424455,"Standard"
"LUTZ2.IN2-13","FEAS","SUB",44,39,4,4,600,11971,3589614,"Standard"
"LUTZ2.IN2-14","FEAS","SUB",41,36,4,4,600.1,31106,4890554,"Standard"
"LUTZ2.IN2-15","PROV","OPT",33,33,0,0,301.36,12687,2344198,"Standard"
"LUTZ2.IN2-16","FEAS","SUB",34,31,3,3,600.17,31163,4295804,"Standard"
"LUTZ2.IN2-17","PROV","OPT",29,29,0,0,502.36,49447,5372024,"Standard"
"LUTZ2.IN2-18","FEAS","SUB",28,27,1,1,600.12,41382,4520112,"Standard"
"LUTZ2.IN2-19","FEAS","SUB",27,26,1,1,600.15,93712,7896260,"Standard"
"LUTZ2.IN2-20","PROV","OPT",25,25,0,0,101.59,7695,979792,"Standard"
"LUTZ2.IN2-21","PROV","OPT",24,24,0,0,224.62,69924,2417936,"Standard"
"LUTZ3.IN2-75","FEAS","OPT",23,22,0,0,600.17,71573,6511241,"Standard"
"LUTZ3.IN2-79","FEAS","SUB",22,21,1,1,600.01,151483,7804085,"Standard"
"LUTZ3.IN2-83","FEAS","OPT",21,20,0,0,600.01,34724,6972649,"Standard"
"LUTZ3.IN2-87","FEAS","SUB",20,19,1,1,600.01,520811,10684030,"Standard"
"LUTZ3.IN2-92","FEAS","SUB",19,18,1,1,600.13,132266,8962459,"Standard"
"LUTZ3.IN2-97","FEAS","SUB",18,17,1,1,600.01,787417,10864472,"Standard"
"LUTZ3.IN2-103","FEAS","SUB",17,16,1,1,600.01,723364,14555786,"Standard"
"LUTZ3.IN2-110","FEAS","SUB",16,15,1,1,600.01,908770,12533220,"Standard"
"LUTZ3.IN2-118","PROV","OPT",14,14,0,0,206.26,101397,4188162,"Standard"
"LUTZ3.IN2-127","PROV","OPT",13,13,0,0,205.92,373377,3383123,"Standard"
"LUTZ3.IN2-137","PROV","OPT",13,13,0,0,0.16,0,560,"Standard"
"LUTZ3.IN2-150","PROV","OPT",11,11,0,0,295.92,398818,6245687,"Standard"
"MANSOOR.IN2-48","PROV","OPT",4,4,0,0,0.01,0,28,"Standard"
"MANSOOR.IN2-62","PROV","OPT",3,3,0,0,0.02,0,70,"Standard"
"MANSOOR.IN2-94","PROV","OPT",2,2,0,0,0.01,0,19,"Standard"
"MERTENS.IN2-6","PROV","OPT",6,6,0,0,0,0,21,"Standard"
"MERTENS.IN2-7","PROV","OPT",5,5,0,0,0,0,15,"Standard"
"MERTENS.IN2-8","PROV","OPT",5,5,0,0,0,0,14,"Standard"
"MERTENS.IN2-10","PROV","OPT",3,3,0,0,0.01,0,12,"Standard"
"MERTENS.IN2-15","PROV","OPT",2,2,0,0,0,0,11,"Standard"
"MERTENS.IN2-18","PROV","OPT",2,2,0,0,0,0,10,"Standard"
"MITCHELL.IN2-14","PROV","OPT",8,8,0,0,0.07,0,123,"Standard"
"MITCHELL.IN2-15","PROV","OPT",8,8,0,0,0.02,0,128,"Standard"
"MITCHELL.IN2-21","PROV","OPT",5,5,0,0,0.04,0,111,"Standard"
"MITCHELL.IN2-26","PROV","OPT",5,5,0,0,0.01,0,91,"Standard"
"MITCHELL.IN2-35","PROV","OPT",3,3,0,0,0.02,0,103,"Standard"
"MITCHELL.IN2-39","PROV","OPT",3,3,0,0,0.01,0,82,"Standard"
"MUKHERJE.IN2-176","PROV","OPT",25,25,0,0,39.84,17940,202172,"Standard"
"MUKHERJE.IN2-183","PROV","OPT",24,24,0,0,9.43,1671,46500,"Standard"
"MUKHERJE.IN2-192","PROV","OPT",23,23,0,0,6.22,1461,51699,"Standard"
"MUKHERJE.IN2-201","PROV","OPT",22,22,0,0,6.44,1045,35965,"Standard"
"MUKHERJE.IN2-211","PROV","OPT",21,21,0,0,2.54,660,28491,"Standard"
"MUKHERJE.IN2-222","PROV","OPT",20,20,0,0,0.28,0,896,"Standard"
"MUKHERJE.IN2-234","PROV","OPT",19,19,0,0,0.24,0,829,"Standard"
"MUKHERJE.IN2-248","PROV","OPT",18,18,0,0,0.24,0,772,"Standard"
"MUKHERJE.IN2-263","PROV","OPT",17,17,0,0,0.21,0,543,"Standard"
"MUKHERJE.IN2-281","PROV","OPT",16,16,0,0,0.18,0,666,"Standard"
"MUKHERJE.IN2-301","PROV","OPT",15,15,0,0,0.16,0,602,"Standard"
"MUKHERJE.IN2-324","PROV","OPT",14,14,0,0,0.19,0,715,"Standard"
"MUKHERJE.IN2-351","PROV","OPT",13,13,0,0,0.18,0,673,"Standard"
"ROSZIEG.IN2-14","PROV","OPT",10,10,0,0,0.03,0,131,"Standard"
"ROSZIEG.IN2-16","PROV","OPT",8,8,0,0,0.13,0,428,"Standard"
"ROSZIEG.IN2-18","PROV","OPT",7,7,0,0,0.11,0,556,"Standard"
"ROSZIEG.IN2-21","PROV","OPT",6,6,0,0,0.02,0,98,"Standard"
"ROSZIEG.IN2-25","PROV","OPT",6,6,0,0,0.02,0,142,"Standard"
"ROSZIEG.IN2-32","PROV","OPT",4,4,0,0,0.01,0,88,"Standard"
"SAWYER30.IN2-25","FEAS","OPT",14,13,0,0,600,570306,26438059,"Standard"
"SAWYER30.IN2-27","PROV","OPT",13,13,0,0,0.27,86,2563,"Standard"
"SAWYER30.IN2-30","PROV","OPT",11,11,0,0,0.62,765,18049,"Standard"
"SAWYER30.IN2-33","PROV","OPT",10,10,0,0,0.16,0,223,"Standard"
"SAWYER30.IN2-36","PROV","OPT",9,9,0,0,4.75,16735,219967,"Standard"
"SAWYER30.IN2-41","PROV","OPT",8,8,0,0,0.08,0,194,"Standard"
"SAWYER30.IN2-47","PROV","OPT",7,7,0,0,0.08,0,194,"Standard"
"SAWYER30.IN2-54","PROV","OPT",6,6,0,0,0.21,401,4009,"Standard"
"SAWYER30.IN2-75","PROV","OPT",5,5,0,0,0.02,0,120,"Standard"
"SCHOLL.IN2-1394","INF","SUB",NA,NA,NA,NA,600.01,1319,1258615,"Standard"
"SCHOLL.IN2-1422","FEAS","SUB",51,50,1,1,600.01,4989,1277685,"Standard"
"SCHOLL.IN2-1452","INF","SUB",NA,NA,NA,NA,600.01,440,749343,"Standard"
"SCHOLL.IN2-1483","INF","SUB",NA,NA,NA,NA,600,1337,893234,"Standard"
"SCHOLL.IN2-1515","FEAS","SUB",90,46,42,44,600.33,777,924531,"Standard"
"SCHOLL.IN2-1548","INF","SUB",NA,NA,NA,NA,600.01,1371,588688,"Standard"
"SCHOLL.IN2-1584","FEAS","SUB",46,44,0,2,600.02,7535,980601,"Standard"
"SCHOLL.IN2-1620","FEAS","SUB",48,43,3,4,600.01,5743,817314,"Standard"
"SCHOLL.IN2-1659","INF","SUB",NA,NA,NA,NA,600.01,1985,1071822,"Standard"
"SCHOLL.IN2-1699","FEAS","SUB",55,41,12,13,600.02,1606,1552448,"Standard"
"SCHOLL.IN2-1742","INF","SUB",NA,NA,NA,NA,600.03,2173,1105795,"Standard"
"SCHOLL.IN2-1787","INF","SUB",NA,NA,NA,NA,600.01,3402,1313158,"Standard"
"SCHOLL.IN2-1834","FEAS","SUB",52,38,13,14,600.01,2357,784995,"Standard"
"SCHOLL.IN2-1883","FEAS","SUB",73,37,34,36,600.01,768,1062109,"Standard"
"SCHOLL.IN2-1935","FEAS","SUB",50,36,13,14,600.01,2435,952518,"Standard"
"SCHOLL.IN2-1991","INF","SUB",NA,NA,NA,NA,600,4568,1297604,"Standard"
"SCHOLL.IN2-2049","FEAS","SUB",40,34,5,6,600.01,2188,795910,"Standard"
"SCHOLL.IN2-2111","FEAS","SUB",53,33,19,20,600.17,7973,1250537,"Standard"
"SCHOLL.IN2-2177","FEAS","SUB",46,32,13,14,600.17,13352,2042157,"Standard"
"SCHOLL.IN2-2247","FEAS","SUB",47,31,15,16,600.01,2444,1281081,"Standard"
"SCHOLL.IN2-2322","FEAS","SUB",57,30,26,27,600.02,1754,1356782,"Standard"
"SCHOLL.IN2-2402","FEAS","SUB",55,29,25,26,600.01,5193,1462880,"Standard"
"SCHOLL.IN2-2488","FEAS","SUB",29,28,0,1,604.33,5016,1457703,"Standard"
"SCHOLL.IN2-2580","FEAS","SUB",28,27,0,1,604.54,3984,1505911,"Standard"
"SCHOLL.IN2-2680","FEAS","SUB",27,26,0,1,600.01,22819,1827847,"Standard"
"SCHOLL.IN2-2787","FEAS","SUB",26,25,0,1,602.92,3270,1021392,"Standard"
"TONGE70.IN2-160","FEAS","OPT",23,22,0,0,600.01,446941,12571063,"Standard"
"TONGE70.IN2-168","FEAS","OPT",22,21,0,0,600.1,316516,12141860,"Standard"
"TONGE70.IN2-176","FEAS","OPT",21,20,0,0,600.01,786077,15231856,"Standard"
"TONGE70.IN2-185","FEAS","OPT",20,19,0,0,600.01,782819,13974900,"Standard"
"TONGE70.IN2-195","FEAS","OPT",19,18,0,0,600.22,455840,11160284,"Standard"
"TONGE70.IN2-207","FEAS","SUB",18,17,1,1,600.09,929740,13052229,"Standard"
"TONGE70.IN2-220","PROV","OPT",16,16,0,0,347.45,666796,7099271,"Standard"
"TONGE70.IN2-234","FEAS","OPT",16,15,0,0,600.05,833160,10559838,"Standard"
"TONGE70.IN2-251","FEAS","SUB",15,14,1,1,600.01,1778733,18757204,"Standard"
"TONGE70.IN2-270","PROV","OPT",13,13,0,0,210.59,555866,3963869,"Standard"
"TONGE70.IN2-293","PROV","OPT",12,12,0,0,367.89,560801,10811311,"Standard"
"TONGE70.IN2-320","PROV","OPT",11,11,0,0,492.67,2317740,10085518,"Standard"
"TONGE70.IN2-364","PROV","OPT",10,10,0,0,0.11,0,419,"Standard"
"TONGE70.IN2-410","PROV","OPT",9,9,0,0,0.1,0,445,"Standard"
"TONGE70.IN2-468","PROV","OPT",8,8,0,0,0.08,0,311,"Standard"
"TONGE70.IN2-527","PROV","OPT",7,7,0,0,0.07,0,352,"Standard"
"WARNECKE.IN2-54","FEAS","OPT",31,30,0,0,600.1,164936,10072749,"Standard"
"WARNECKE.IN2-56","PROV","OPT",29,29,0,0,87.61,98184,2235954,"Standard"
"WARNECKE.IN2-58","PROV","OPT",28,28,0,0,70.75,48311,1433984,"Standard"
"WARNECKE.IN2-60","PROV","OPT",27,27,0,0,52.52,53931,605037,"Standard"
"WARNECKE.IN2-62","FEAS","OPT",27,26,0,0,600.05,358763,11666645,"Standard"
"WARNECKE.IN2-65","PROV","OPT",25,25,0,0,21.06,15208,368965,"Standard"
"WARNECKE.IN2-68","FEAS","OPT",24,23,0,0,600.01,163440,18331044,"Standard"
"WARNECKE.IN2-71","FEAS","OPT",23,22,0,0,600.01,507082,12328742,"Standard"
"WARNECKE.IN2-74","PROV","OPT",22,22,0,0,8.63,4699,124108,"Standard"
"WARNECKE.IN2-78","FEAS","SUB",21,20,1,1,600.09,281679,14180533,"Standard"
"WARNECKE.IN2-82","FEAS","OPT",20,19,0,0,600.01,466428,15023967,"Standard"
"WARNECKE.IN2-86","PROV","OPT",19,19,0,0,2.66,1589,20600,"Standard"
"WARNECKE.IN2-92","FEAS","SUB",18,17,0,1,600.06,562229,15253396,"Standard"
"WARNECKE.IN2-97","FEAS","SUB",17,16,1,1,600.01,568275,17915861,"Standard"
"WARNECKE.IN2-104","PROV","OPT",15,15,0,0,55.93,242212,1104047,"Standard"
"WARNECKE.IN2-111","PROV","OPT",14,14,0,0,133.76,555138,3801642,"Standard"
"WEE-MAG.IN2-28","PROV","OPT",63,63,0,0,4.43,66,6706,"Standard"
"WEE-MAG.IN2-29","PROV","OPT",63,63,0,0,4.42,281,13655,"Standard"
"WEE-MAG.IN2-30","PROV","OPT",62,62,0,0,11.76,2018,32054,"Standard"
"WEE-MAG.IN2-31","PROV","OPT",62,62,0,0,3.53,122,7523,"Standard"
"WEE-MAG.IN2-32","PROV","OPT",61,61,0,0,77.41,10220,684860,"Standard"
"WEE-MAG.IN2-33","PROV","OPT",61,61,0,0,10.12,596,24599,"Standard"
"WEE-MAG.IN2-34","PROV","OPT",61,61,0,0,12.73,1395,46815,"Standard"
"WEE-MAG.IN2-35","PROV","OPT",60,60,0,0,11.3,713,32800,"Standard"
"WEE-MAG.IN2-36","PROV","OPT",60,60,0,0,8.59,72,22353,"Standard"
"WEE-MAG.IN2-37","PROV","OPT",60,60,0,0,15.44,2424,61909,"Standard"
"WEE-MAG.IN2-38","PROV","OPT",60,60,0,0,8.27,0,22880,"Standard"
"WEE-MAG.IN2-39","PROV","OPT",60,60,0,0,9.42,526,28039,"Standard"
"WEE-MAG.IN2-40","PROV","OPT",60,60,0,0,8.81,883,25281,"Standard"
"WEE-MAG.IN2-41","PROV","OPT",59,59,0,0,6.45,0,16495,"Standard"
"WEE-MAG.IN2-42","FEAS","SUB",68,51,0,13,600.19,35466,3739139,"Standard"
"WEE-MAG.IN2-43","PROV","OPT",50,50,0,0,22.01,822,46434,"Standard"
"WEE-MAG.IN2-45","FEAS","OPT",38,34,0,0,600.06,37860,5197718,"Standard"
"WEE-MAG.IN2-46","FEAS","OPT",34,33,0,0,600.14,260301,8619849,"Standard"
"WEE-MAG.IN2-47","FEAS","OPT",33,32,0,0,600.11,197477,10151378,"Standard"
"WEE-MAG.IN2-49","FEAS","OPT",32,31,0,0,600.02,443005,12479329,"Standard"
"WEE-MAG.IN2-50","FEAS","OPT",32,31,0,0,600.01,38010,5257066,"Standard"
"WEE-MAG.IN2-52","PROV","OPT",31,31,0,0,20.21,1675,194512,"Standard"
"WEE-MAG.IN2-54","PROV","OPT",31,31,0,0,13.02,1390,133469,"Standard"
"WEE-MAG.IN2-56","PROV","OPT",30,30,0,0,9.53,2367,47357,"Standard"
"ARC83.IN2-37861","PROV","OPT",21,21,0,0,8.13,292,15739,"NF4"
"ARC83.IN2-39851","PROV","OPT",20,20,0,0,7.1,274,12797,"NF4"
"ARC83.IN2-42061","PROV","OPT",19,19,0,0,6.11,111,10823,"NF4"
"ARC83.IN2-44541","PROV","OPT",18,18,0,0,5.43,84,10135,"NF4"
"ARC83.IN2-47321","PROV","OPT",17,17,0,0,4.59,84,8727,"NF4"
"ARC83.IN2-50481","PROV","OPT",16,16,0,0,1.49,0,1872,"NF4"
"ARC83.IN2-54081","PROV","OPT",15,15,0,0,1.2,0,1918,"NF4"
"ARC83.IN2-58241","PROV","OPT",14,14,0,0,1.46,0,2291,"NF4"
"ARC83.IN2-58531","PROV","OPT",14,14,0,0,1.57,0,2033,"NF4"
"ARC83.IN2-63091","PROV","OPT",13,13,0,0,0.81,0,1668,"NF4"
"ARC83.IN2-68421","PROV","OPT",12,12,0,0,0.92,0,2218,"NF4"
"ARC83.IN2-68831","PROV","OPT",12,12,0,0,0.92,0,2110,"NF4"
"ARC83.IN2-75711","PROV","OPT",11,11,0,0,0.79,0,1631,"NF4"
"ARC83.IN2-84121","PROV","OPT",10,10,0,0,0.66,0,1570,"NF4"
"ARC83.IN2-88981","PROV","OPT",9,9,0,0,0.49,0,1295,"NF4"
"ARC83.IN2-108161","PROV","OPT",7,7,0,0,35.81,81453,476235,"NF4"
"ARC111.IN2-57551","PROV","OPT",27,27,0,0,35.51,249,28249,"NF4"
"ARC111.IN2-57851","PROV","OPT",27,27,0,0,35.27,752,49542,"NF4"
"ARC111.IN2-60161","PROV","OPT",26,26,0,0,19.42,96,13207,"NF4"
"ARC111.IN2-62671","PROV","OPT",25,25,0,0,15.34,0,5718,"NF4"
"ARC111.IN2-65401","PROV","OPT",24,24,0,0,21.21,63,18333,"NF4"
"ARC111.IN2-68371","PROV","OPT",23,23,0,0,14.38,25,9774,"NF4"
"ARC111.IN2-71621","PROV","OPT",22,22,0,0,17.07,27,10483,"NF4"
"ARC111.IN2-75201","FEAS","OPT",21,20,0,0,600.06,291599,5138019,"NF4"
"ARC111.IN2-79161","PROV","OPT",20,20,0,0,5.83,0,3231,"NF4"
"ARC111.IN2-83561","PROV","OPT",19,19,0,0,8.17,0,3250,"NF4"
"ARC111.IN2-88471","PROV","OPT",18,18,0,0,5.45,0,3204,"NF4"
"ARC111.IN2-94001","PROV","OPT",17,17,0,0,4.2,0,2440,"NF4"
"ARC111.IN2-100271","PROV","OPT",16,16,0,0,4.28,0,3071,"NF4"
"ARC111.IN2-107431","PROV","OPT",15,15,0,0,3.27,0,2561,"NF4"
"ARC111.IN2-113781","PROV","OPT",14,14,0,0,2.95,0,2697,"NF4"
"ARC111.IN2-115701","FEAS","SUB",14,13,0,1,600.06,574446,5676488,"NF4"
"ARC111.IN2-170671","PROV","OPT",9,9,0,0,1.41,0,2598,"NF4"
"BARTHOL2.IN2-841","FEAS","SUB",73,51,21,22,600.03,25,117095,"NF4"
"BARTHOL2.IN2-851","FEAS","SUB",86,50,35,36,600.09,112,108566,"NF4"
"BARTHOL2.IN2-871","FEAS","SUB",52,49,2,3,600.07,9107,508209,"NF4"
"BARTHOL2.IN2-891","FEAS","SUB",96,48,43,48,600.13,146,153960,"NF4"
"BARTHOL2.IN2-911","FEAS","SUB",93,47,45,46,600.11,171,170579,"NF4"
"BARTHOL2.IN2-931","FEAS","SUB",47,46,0,1,600.04,17488,480320,"NF4"
"BARTHOL2.IN2-951","FEAS","SUB",46,45,0,1,600.09,49601,892417,"NF4"
"BARTHOL2.IN2-971","FEAS","SUB",76,44,31,32,600.13,16,164727,"NF4"
"BARTHOL2.IN2-991","FEAS","SUB",84,43,40,41,600.11,427,178402,"NF4"
"BARTHOL2.IN2-1011","FEAS","SUB",43,42,0,1,605.12,17133,379665,"NF4"
"BARTHOL2.IN2-1041","FEAS","SUB",42,41,0,1,600.05,2360,369859,"NF4"
"BARTHOL2.IN2-1061","FEAS","SUB",41,40,0,1,600.01,17880,745559,"NF4"
"BARTHOL2.IN2-1091","FEAS","SUB",40,39,0,1,600.03,19509,432409,"NF4"
"BARTHOL2.IN2-1121","FEAS","SUB",39,38,0,1,600.01,18567,410498,"NF4"
"BARTHOL2.IN2-1151","FEAS","SUB",38,37,0,1,600.01,29691,638460,"NF4"
"BARTHOL2.IN2-1181","FEAS","SUB",37,36,0,1,600.23,76770,1232761,"NF4"
"BARTHOL2.IN2-1211","FEAS","SUB",36,35,0,1,600.01,44253,737528,"NF4"
"BARTHOL2.IN2-1251","FEAS","SUB",35,34,0,1,600.15,81470,2239595,"NF4"
"BARTHOL2.IN2-1291","FEAS","SUB",34,33,0,1,600.02,104460,2327293,"NF4"
"BARTHOL2.IN2-1331","FEAS","SUB",33,32,0,1,600.02,131633,1528131,"NF4"
"BARTHOL2.IN2-1371","FEAS","SUB",32,31,0,1,600.03,80146,1031068,"NF4"
"BARTHOL2.IN2-1421","FEAS","SUB",31,30,1,1,600.09,141163,1837968,"NF4"
"BARTHOL2.IN2-1461","FEAS","SUB",30,29,0,1,600.03,175698,1755095,"NF4"
"BARTHOL2.IN2-1521","FEAS","SUB",29,28,1,1,600.37,142134,2562702,"NF4"
"BARTHOL2.IN2-1571","PROV","OPT",27,27,0,0,134.71,17671,431521,"NF4"
"BARTHOL2.IN2-1631","PROV","OPT",26,26,0,0,576.56,112806,1047961,"NF4"
"BARTHOL2.IN2-1701","PROV","OPT",25,25,0,0,35.69,2044,50231,"NF4"
"BARTHOLD.IN2-4031","PROV","OPT",14,14,0,0,7.53,1411,24905,"NF4"
"BARTHOLD.IN2-4341","PROV","OPT",13,13,0,0,7.39,790,23991,"NF4"
"BARTHOLD.IN2-4701","PROV","OPT",12,12,0,0,6.3,1371,24952,"NF4"
"BARTHOLD.IN2-5131","PROV","OPT",11,11,0,0,4.78,252,12124,"NF4"
"BARTHOLD.IN2-5641","PROV","OPT",10,10,0,0,3.56,885,19877,"NF4"
"BARTHOLD.IN2-6261","PROV","OPT",9,9,0,0,4.67,1483,26484,"NF4"
"BARTHOLD.IN2-7051","PROV","OPT",8,8,0,0,2.72,432,10599,"NF4"
"BARTHOLD.IN2-8051","PROV","OPT",7,7,0,0,3.51,1116,25716,"NF4"
"BOWMAN8.IN2-201","PROV","OPT",5,5,0,0,0.01,0,50,"NF4"
"BUXEY.IN2-271","PROV","OPT",13,13,0,0,0.48,0,950,"NF4"
"BUXEY.IN2-301","PROV","OPT",11,11,0,0,0.84,296,5957,"NF4"
"BUXEY.IN2-331","PROV","OPT",10,10,0,0,0.23,0,479,"NF4"
"BUXEY.IN2-361","PROV","OPT",10,10,0,0,0.14,0,370,"NF4"
"BUXEY.IN2-411","PROV","OPT",8,8,0,0,0.32,0,662,"NF4"
"BUXEY.IN2-471","PROV","OPT",7,7,0,0,0.24,0,657,"NF4"
"BUXEY.IN2-541","PROV","OPT",7,7,0,0,0.07,0,277,"NF4"
"GUNTHER.IN2-411","PROV","OPT",13,13,0,0,1.18,82,5407,"NF4"
"GUNTHER.IN2-441","FEAS","OPT",12,11,0,0,600,490575,17033734,"NF4"
"GUNTHER.IN2-491","PROV","OPT",10,10,0,0,0.74,818,12306,"NF4"
"GUNTHER.IN2-541","PROV","OPT",9,9,0,0,0.6,0,1016,"NF4"
"GUNTHER.IN2-611","PROV","OPT",8,8,0,0,0.37,0,947,"NF4"
"GUNTHER.IN2-691","PROV","OPT",7,7,0,0,0.35,416,5300,"NF4"
"GUNTHER.IN2-811","PROV","OPT",6,6,0,0,0.08,0,405,"NF4"
"HAHN.IN2-20041","PROV","OPT",8,8,0,0,0.29,0,867,"NF4"
"HAHN.IN2-23381","PROV","OPT",7,7,0,0,0.18,0,597,"NF4"
"HAHN.IN2-28061","PROV","OPT",6,6,0,0,0.18,0,672,"NF4"
"HAHN.IN2-35071","PROV","OPT",5,5,0,0,0.13,0,515,"NF4"
"HAHN.IN2-46761","PROV","OPT",4,4,0,0,0.09,0,464,"NF4"
"HESKIA.IN2-1381","PROV","OPT",8,8,0,0,0.11,0,318,"NF4"
"HESKIA.IN2-2051","PROV","OPT",5,5,0,0,0.1,0,314,"NF4"
"HESKIA.IN2-2161","PROV","OPT",5,5,0,0,0.04,0,246,"NF4"
"HESKIA.IN2-2561","PROV","OPT",4,4,0,0,0.07,0,290,"NF4"
"HESKIA.IN2-3241","PROV","OPT",4,4,0,0,0.03,0,218,"NF4"
"HESKIA.IN2-3421","PROV","OPT",3,3,0,0,0.03,0,151,"NF4"
"JACKSON.IN2-71","PROV","OPT",8,8,0,0,0.01,0,74,"NF4"
"JACKSON.IN2-91","PROV","OPT",6,6,0,0,0.02,0,108,"NF4"
"JACKSON.IN2-101","PROV","OPT",5,5,0,0,0.02,0,118,"NF4"
"JACKSON.IN2-131","PROV","OPT",4,4,0,0,0.01,0,62,"NF4"
"JACKSON.IN2-141","PROV","OPT",4,4,0,0,0.01,0,75,"NF4"
"JACKSON.IN2-211","PROV","OPT",3,3,0,0,0.01,0,67,"NF4"
"JAESCHKE.IN2-61","PROV","OPT",8,8,0,0,0.01,0,60,"NF4"
"JAESCHKE.IN2-71","PROV","OPT",7,7,0,0,0.01,0,44,"NF4"
"JAESCHKE.IN2-81","PROV","OPT",6,6,0,0,0.01,0,70,"NF4"
"JAESCHKE.IN2-101","PROV","OPT",4,4,0,0,0.01,0,55,"NF4"
"JAESCHKE.IN2-181","PROV","OPT",3,3,0,0,0.01,0,60,"NF4"
"KILBRID.IN2-561","PROV","OPT",10,10,0,0,0.47,0,708,"NF4"
"KILBRID.IN2-571","PROV","OPT",10,10,0,0,0.24,0,568,"NF4"
"KILBRID.IN2-621","PROV","OPT",9,9,0,0,0.62,133,2707,"NF4"
"KILBRID.IN2-691","PROV","OPT",8,8,0,0,0.72,566,6697,"NF4"
"KILBRID.IN2-791","PROV","OPT",7,7,0,0,0.43,215,3491,"NF4"
"KILBRID.IN2-921","PROV","OPT",6,6,0,0,0.44,112,1638,"NF4"
"KILBRID.IN2-1101","PROV","OPT",6,6,0,0,0.11,0,478,"NF4"
"KILBRID.IN2-1111","PROV","OPT",5,5,0,0,0.2,52,1143,"NF4"
"KILBRID.IN2-1381","PROV","OPT",4,4,0,0,0.2,0,561,"NF4"
"KILBRID.IN2-1841","PROV","OPT",3,3,0,0,0.06,0,260,"NF4"
"LUTZ1.IN2-14141","PROV","OPT",11,11,0,0,0.1,0,500,"NF4"
"LUTZ1.IN2-15721","PROV","OPT",10,10,0,0,0.09,0,444,"NF4"
"LUTZ1.IN2-17681","PROV","OPT",9,9,0,0,0.12,0,468,"NF4"
"LUTZ1.IN2-20201","PROV","OPT",8,8,0,0,0.1,0,424,"NF4"
"LUTZ1.IN2-23571","PROV","OPT",7,7,0,0,0.08,0,385,"NF4"
"LUTZ1.IN2-28281","PROV","OPT",6,6,0,0,0.08,0,353,"NF4"
"LUTZ2.IN2-111","FEAS","SUB",84,46,0,35,600.06,5,118404,"NF4"
"LUTZ2.IN2-121","FEAS","SUB",83,42,34,39,600.03,1098,642616,"NF4"
"LUTZ2.IN2-131","FEAS","OPT",40,39,0,0,600.01,5158,1568686,"NF4"
"LUTZ2.IN2-141","FEAS","OPT",37,36,0,0,600.01,18857,2523051,"NF4"
"LUTZ2.IN2-151","PROV","OPT",33,33,0,0,56,1670,310473,"NF4"
"LUTZ2.IN2-161","PROV","OPT",31,31,0,0,318.04,9566,948143,"NF4"
"LUTZ2.IN2-171","PROV","OPT",29,29,0,0,139,4438,557917,"NF4"
"LUTZ2.IN2-181","PROV","OPT",27,27,0,0,151.06,8305,712216,"NF4"
"LUTZ2.IN2-191","PROV","OPT",26,26,0,0,85.63,1816,174972,"NF4"
"LUTZ2.IN2-201","PROV","OPT",25,25,0,0,41.39,1382,181468,"NF4"
"LUTZ2.IN2-211","PROV","OPT",24,24,0,0,12.51,135,22495,"NF4"
"LUTZ3.IN2-751","FEAS","OPT",23,22,0,0,600.2,222930,5378877,"NF4"
"LUTZ3.IN2-791","PROV","OPT",21,21,0,0,134.85,47473,1167290,"NF4"
"LUTZ3.IN2-831","FEAS","OPT",21,20,0,0,600.01,216891,5658412,"NF4"
"LUTZ3.IN2-871","PROV","OPT",19,19,0,0,9.58,1070,35730,"NF4"
"LUTZ3.IN2-921","PROV","OPT",18,18,0,0,55.63,16719,387071,"NF4"
"LUTZ3.IN2-971","PROV","OPT",17,17,0,0,62.56,22887,513194,"NF4"
"LUTZ3.IN2-1031","PROV","OPT",16,16,0,0,46.61,10375,369462,"NF4"
"LUTZ3.IN2-1101","PROV","OPT",15,15,0,0,37.15,9048,373901,"NF4"
"LUTZ3.IN2-1181","PROV","OPT",14,14,0,0,13.93,1121,71062,"NF4"
"LUTZ3.IN2-1271","PROV","OPT",13,13,0,0,12.93,3543,120283,"NF4"
"LUTZ3.IN2-1371","PROV","OPT",13,13,0,0,1.2,0,2033,"NF4"
"LUTZ3.IN2-1501","PROV","OPT",11,11,0,0,2.63,574,17639,"NF4"
"MANSOOR.IN2-481","PROV","OPT",4,4,0,0,0.02,0,56,"NF4"
"MANSOOR.IN2-621","PROV","OPT",3,3,0,0,0.02,0,73,"NF4"
"MANSOOR.IN2-941","PROV","OPT",2,2,0,0,0.01,0,41,"NF4"
"MERTENS.IN2-61","PROV","OPT",6,6,0,0,0.01,0,25,"NF4"
"MERTENS.IN2-71","PROV","OPT",5,5,0,0,0,0,22,"NF4"
"MERTENS.IN2-81","PROV","OPT",5,5,0,0,0,0,24,"NF4"
"MERTENS.IN2-101","PROV","OPT",3,3,0,0,0.01,0,27,"NF4"
"MERTENS.IN2-151","PROV","OPT",2,2,0,0,0,0,23,"NF4"
"MERTENS.IN2-181","PROV","OPT",2,2,0,0,0,0,23,"NF4"
"MITCHELL.IN2-141","PROV","OPT",8,8,0,0,0.12,0,334,"NF4"
"MITCHELL.IN2-151","PROV","OPT",8,8,0,0,0.06,0,233,"NF4"
"MITCHELL.IN2-211","PROV","OPT",5,5,0,0,0.05,0,173,"NF4"
"MITCHELL.IN2-261","PROV","OPT",5,5,0,0,0.03,0,156,"NF4"
"MITCHELL.IN2-351","PROV","OPT",3,3,0,0,0.02,0,133,"NF4"
"MITCHELL.IN2-391","PROV","OPT",3,3,0,0,0.01,0,127,"NF4"
"MUKHERJE.IN2-1761","PROV","OPT",25,25,0,0,18.72,239,24365,"NF4"
"MUKHERJE.IN2-1831","PROV","OPT",24,24,0,0,8.01,0,2716,"NF4"
"MUKHERJE.IN2-1921","PROV","OPT",23,23,0,0,13.93,170,13202,"NF4"
"MUKHERJE.IN2-2011","PROV","OPT",22,22,0,0,7.88,0,2532,"NF4"
"MUKHERJE.IN2-2111","PROV","OPT",21,21,0,0,11,103,10945,"NF4"
"MUKHERJE.IN2-2221","PROV","OPT",20,20,0,0,4.5,0,2451,"NF4"
"MUKHERJE.IN2-2341","PROV","OPT",19,19,0,0,4.19,0,2514,"NF4"
"MUKHERJE.IN2-2481","PROV","OPT",18,18,0,0,2.83,0,1904,"NF4"
"MUKHERJE.IN2-2631","PROV","OPT",17,17,0,0,2.64,0,2013,"NF4"
"MUKHERJE.IN2-2811","PROV","OPT",16,16,0,0,2.64,0,2043,"NF4"
"MUKHERJE.IN2-3011","PROV","OPT",15,15,0,0,2.67,0,2194,"NF4"
"MUKHERJE.IN2-3241","PROV","OPT",14,14,0,0,2,0,2069,"NF4"
"MUKHERJE.IN2-3511","PROV","OPT",13,13,0,0,1.75,0,1933,"NF4"
"ROSZIEG.IN2-141","PROV","OPT",10,10,0,0,0.11,0,391,"NF4"
"ROSZIEG.IN2-161","PROV","OPT",8,8,0,0,0.16,0,684,"NF4"
"ROSZIEG.IN2-181","PROV","OPT",7,7,0,0,0.12,0,317,"NF4"
"ROSZIEG.IN2-211","PROV","OPT",6,6,0,0,0.05,0,239,"NF4"
"ROSZIEG.IN2-251","PROV","OPT",6,6,0,0,0.05,0,188,"NF4"
"ROSZIEG.IN2-321","PROV","OPT",4,4,0,0,0.03,0,207,"NF4"
"SAWYER30.IN2-251","FEAS","OPT",14,13,0,0,600,132030,13890951,"NF4"
"SAWYER30.IN2-271","PROV","OPT",13,13,0,0,0.53,20,1363,"NF4"
"SAWYER30.IN2-301","PROV","OPT",11,11,0,0,0.49,464,5782,"NF4"
"SAWYER30.IN2-331","PROV","OPT",10,10,0,0,0.49,33,1439,"NF4"
"SAWYER30.IN2-361","PROV","OPT",9,9,0,0,1.83,2010,60047,"NF4"
"SAWYER30.IN2-411","PROV","OPT",8,8,0,0,0.21,0,649,"NF4"
"SAWYER30.IN2-471","PROV","OPT",7,7,0,0,0.18,61,1245,"NF4"
"SAWYER30.IN2-541","PROV","OPT",6,6,0,0,0.23,0,440,"NF4"
"SAWYER30.IN2-751","PROV","OPT",5,5,0,0,0.04,0,240,"NF4"
"SCHOLL.IN2-13941","FEAS","SUB",52,50,0,2,600.1,1,37579,"NF4"
"SCHOLL.IN2-14221","PROV","OPT",50,50,0,0,600.06,1041,148461,"NF4"
"SCHOLL.IN2-14521","FEAS","SUB",50,50,0,2,601.41,0,36917,"NF4"
"SCHOLL.IN2-14831","FEAS","SUB",49,47,0,2,600.14,58,98935,"NF4"
"SCHOLL.IN2-15151","FEAS","SUB",48,46,0,2,600.15,33,88240,"NF4"
"SCHOLL.IN2-15481","FEAS","SUB",47,46,0,1,600.08,1,48341,"NF4"
"SCHOLL.IN2-15841","FEAS","SUB",46,44,0,2,600.1,917,219340,"NF4"
"SCHOLL.IN2-16201","FEAS","SUB",45,43,0,1,600.08,2,68436,"NF4"
"SCHOLL.IN2-16591","FEAS","SUB",43,42,0,1,600.16,2453,640801,"NF4"
"SCHOLL.IN2-16991","FEAS","SUB",43,41,0,1,600.12,3,69911,"NF4"
"SCHOLL.IN2-17421","FEAS","SUB",42,40,0,2,600.02,3838,673894,"NF4"
"SCHOLL.IN2-17871","FEAS","SUB",40,39,0,1,600.04,3119,762851,"NF4"
"SCHOLL.IN2-18341","FEAS","SUB",39,38,0,1,600.02,5448,668514,"NF4"
"SCHOLL.IN2-18831","FEAS","SUB",39,37,0,2,600.02,827,194298,"NF4"
"SCHOLL.IN2-19351","FEAS","SUB",37,36,0,1,600.01,2438,525543,"NF4"
"SCHOLL.IN2-19911","FEAS","SUB",36,35,0,1,600.04,2421,381753,"NF4"
"SCHOLL.IN2-20491","FEAS","SUB",35,34,0,1,600.26,7873,819298,"NF4"
"SCHOLL.IN2-21111","FEAS","SUB",34,33,0,1,600.03,2483,625092,"NF4"
"SCHOLL.IN2-21771","FEAS","SUB",33,32,0,1,600.27,8729,904399,"NF4"
"SCHOLL.IN2-22471","FEAS","SUB",32,31,0,1,600.02,11473,1311403,"NF4"
"SCHOLL.IN2-23221","FEAS","SUB",31,30,0,1,600.83,9829,906030,"NF4"
"SCHOLL.IN2-24021","FEAS","SUB",30,29,0,1,600.29,11364,1186473,"NF4"
"SCHOLL.IN2-24881","FEAS","SUB",29,28,0,1,600.01,9145,1339838,"NF4"
"SCHOLL.IN2-25801","FEAS","SUB",28,27,0,1,600.01,23748,2116519,"NF4"
"SCHOLL.IN2-26801","FEAS","SUB",27,26,0,1,600.32,29295,2082725,"NF4"
"SCHOLL.IN2-27871","FEAS","SUB",26,25,0,1,600.1,56352,1253867,"NF4"
"TONGE70.IN2-1601","FEAS","OPT",23,22,0,0,600.02,363340,7927171,"NF4"
"TONGE70.IN2-1681","FEAS","OPT",22,21,0,0,600.01,209992,8062792,"NF4"
"TONGE70.IN2-1761","FEAS","OPT",21,20,0,0,600.05,295959,7161970,"NF4"
"TONGE70.IN2-1851","FEAS","OPT",20,19,0,0,600.01,422838,12001968,"NF4"
"TONGE70.IN2-1951","FEAS","OPT",19,18,0,0,600.01,416087,9175174,"NF4"
"TONGE70.IN2-2071","PROV","OPT",17,17,0,0,76.47,55160,796017,"NF4"
"TONGE70.IN2-2201","FEAS","SUB",17,16,1,1,600.01,566266,6989618,"NF4"
"TONGE70.IN2-2341","FEAS","OPT",16,15,0,0,600.01,791389,11274333,"NF4"
"TONGE70.IN2-2511","PROV","OPT",14,14,0,0,45.73,69920,566694,"NF4"
"TONGE70.IN2-2701","FEAS","SUB",14,13,1,1,600.01,593836,8146299,"NF4"
"TONGE70.IN2-2931","PROV","OPT",12,12,0,0,106.65,259357,1465506,"NF4"
"TONGE70.IN2-3201","PROV","OPT",11,11,0,0,2.27,252,11272,"NF4"
"TONGE70.IN2-3641","PROV","OPT",10,10,0,0,0.39,0,1086,"NF4"
"TONGE70.IN2-4101","PROV","OPT",9,9,0,0,0.32,0,1018,"NF4"
"TONGE70.IN2-4681","PROV","OPT",8,8,0,0,0.22,0,826,"NF4"
"TONGE70.IN2-5271","PROV","OPT",7,7,0,0,0.2,0,917,"NF4"
"WARNECKE.IN2-541","FEAS","OPT",31,30,0,0,600,22391,4043562,"NF4"
"WARNECKE.IN2-561","PROV","OPT",29,29,0,0,87.64,12180,482188,"NF4"
"WARNECKE.IN2-581","PROV","OPT",28,28,0,0,278.75,31302,2523647,"NF4"
"WARNECKE.IN2-601","PROV","OPT",27,27,0,0,200.56,4904,1056744,"NF4"
"WARNECKE.IN2-621","FEAS","OPT",27,26,0,0,600.17,52324,5865650,"NF4"
"WARNECKE.IN2-651","PROV","OPT",25,25,0,0,27.58,5948,162375,"NF4"
"WARNECKE.IN2-681","FEAS","OPT",24,23,0,0,600.01,16946,2149433,"NF4"
"WARNECKE.IN2-711","FEAS","OPT",23,22,0,0,600,38400,6017248,"NF4"
"WARNECKE.IN2-741","PROV","OPT",22,22,0,0,3.62,367,9202,"NF4"
"WARNECKE.IN2-781","PROV","OPT",20,20,0,0,511.6,160400,7086727,"NF4"
"WARNECKE.IN2-821","FEAS","OPT",20,19,0,0,600.19,63062,6520994,"NF4"
"WARNECKE.IN2-861","PROV","OPT",19,19,0,0,4.16,101,6769,"NF4"
"WARNECKE.IN2-921","FEAS","SUB",18,17,0,1,600.01,295787,11192225,"NF4"
"WARNECKE.IN2-971","PROV","OPT",16,16,0,0,18.15,6810,154706,"NF4"
"WARNECKE.IN2-1041","PROV","OPT",15,15,0,0,3.68,2083,50517,"NF4"
"WARNECKE.IN2-1111","PROV","OPT",14,14,0,0,214.66,477960,2573353,"NF4"
"WEE-MAG.IN2-281","PROV","OPT",63,63,0,0,10.5,0,2499,"NF4"
"WEE-MAG.IN2-291","PROV","OPT",63,63,0,0,11.09,0,2639,"NF4"
"WEE-MAG.IN2-301","PROV","OPT",62,62,0,0,26.13,122,22409,"NF4"
"WEE-MAG.IN2-311","PROV","OPT",62,62,0,0,7.08,0,2046,"NF4"
"WEE-MAG.IN2-321","PROV","OPT",61,61,0,0,448.01,12045,607428,"NF4"
"WEE-MAG.IN2-331","PROV","OPT",61,61,0,0,395.86,85,128886,"NF4"
"WEE-MAG.IN2-341","PROV","OPT",61,61,0,0,285.01,3,110440,"NF4"
"WEE-MAG.IN2-351","PROV","OPT",60,60,0,0,340.43,66,136219,"NF4"
"WEE-MAG.IN2-361","PROV","OPT",60,60,0,0,348.41,48,133768,"NF4"
"WEE-MAG.IN2-371","PROV","OPT",60,60,0,0,287.8,3,118131,"NF4"
"WEE-MAG.IN2-381","PROV","OPT",60,60,0,0,347.2,3,122283,"NF4"
"WEE-MAG.IN2-391","PROV","OPT",60,60,0,0,449.8,20,170899,"NF4"
"WEE-MAG.IN2-401","PROV","OPT",60,60,0,0,226.17,3,96176,"NF4"
"WEE-MAG.IN2-411","PROV","OPT",59,59,0,0,356.85,29,139746,"NF4"
"WEE-MAG.IN2-421","INF","SUB",NA,NA,NA,NA,600.07,0,193157,"NF4"
"WEE-MAG.IN2-431","PROV","OPT",50,50,0,0,299.44,34,107929,"NF4"
"WEE-MAG.IN2-451","FEAS","OPT",38,34,0,0,600.01,10383,2064688,"NF4"
"WEE-MAG.IN2-461","FEAS","OPT",34,33,0,0,600.2,62767,2508487,"NF4"
"WEE-MAG.IN2-471","FEAS","OPT",33,32,0,0,600.23,65834,3016877,"NF4"
"WEE-MAG.IN2-491","FEAS","OPT",32,31,0,0,600.08,56707,4100242,"NF4"
"WEE-MAG.IN2-501","FEAS","OPT",32,30,0,0,600.02,1913,681574,"NF4"
"WEE-MAG.IN2-521","PROV","OPT",31,31,0,0,85.18,1724,130062,"NF4"
"WEE-MAG.IN2-541","PROV","OPT",31,31,0,0,38.32,3408,133311,"NF4"
"WEE-MAG.IN2-561","PROV","OPT",30,30,0,0,11.44,191,16364,"NF4"
